{"cameraMode":{"drawMode":0,"name":"Shaded","section":"Shading Mode"},"sceneLighting":false,"audioPlay":false,"sceneViewState":{"m_AlwaysRefresh":false,"showFog":true,"showSkybox":false,"showFlares":true,"showImageEffects":true,"showParticleSystems":true,"showVisualEffectGraphs":true,"m_FxEnabled":true},"in2DMode":false,"pivot":{"x":-0.038898587226867679,"y":0.9894952178001404,"z":0.05798894539475441},"rotation":{"x":0.1186615526676178,"y":-0.053288042545318606,"z":0.006366697605699301,"w":0.9915139675140381},"size":0.6844402551651001,"orthographic":false}