{"cameraMode":{"drawMode":0,"name":"Shaded","section":"Shading Mode"},"sceneLighting":true,"audioPlay":false,"sceneViewState":{"m_AlwaysRefresh":false,"showFog":true,"showSkybox":true,"showFlares":true,"showImageEffects":true,"showParticleSystems":true,"showVisualEffectGraphs":true,"m_FxEnabled":true},"in2DMode":false,"pivot":{"x":-0.023708343505859376,"y":0.06899452209472656,"z":0.09495213627815247},"rotation":{"x":-0.15260867774486543,"y":-0.7886878252029419,"z":0.554650068283081,"w":-0.21699067950248719},"size":0.6339746713638306,"orthographic":false}