{"cameraMode":{"drawMode":0,"name":"Shaded","section":"Shading Mode"},"sceneLighting":false,"audioPlay":false,"sceneViewState":{"m_AlwaysRefresh":false,"showFog":true,"showSkybox":false,"showFlares":true,"showImageEffects":true,"showParticleSystems":true,"showVisualEffectGraphs":true,"m_FxEnabled":true},"in2DMode":false,"pivot":{"x":0.8139839172363281,"y":9.954352378845215,"z":-0.10431480407714844},"rotation":{"x":0.1506163626909256,"y":-0.01718933694064617,"z":0.002645177999511361,"w":0.9884723424911499},"size":8.70884895324707,"orthographic":false}