{"cameraMode":{"drawMode":0,"name":"Shaded","section":"Shading Mode"},"sceneLighting":false,"audioPlay":false,"sceneViewState":{"m_AlwaysRefresh":false,"showFog":false,"showSkybox":false,"showFlares":false,"showImageEffects":false,"showParticleSystems":false,"showVisualEffectGraphs":true,"m_FxEnabled":true},"in2DMode":false,"pivot":{"x":-0.0007465947419404984,"y":0.8530426621437073,"z":-0.5070005655288696},"rotation":{"x":-0.0013431074330583215,"y":-0.9985232353210449,"z":-0.04615471884608269,"w":0.029072502627968789},"size":0.6643289923667908,"orthographic":false}